t,p,n,precision,recall,F1,AUPRC,Time(sec)
1996,10,250,5000.0,0.008317475087617602,0.43971774193548385,0.016326133416174175,0.0104533982071472,386.705610742094
