rd_seed,T,n/p,p,lambda(thest),mu0(sparsity),gamma,bic,recall,precision,f1,max_error,norm_error,time (mins)
1994,10,20,250,0.0001,0.0001,1.0,14792081.318,0.936,0.029,0.056,21.534,0.825,0.858
1994,10,20,250,0.0005,0.0001,1.0,12484083.315,0.624,0.687,0.654,21.534,0.826,0.113
1994,10,20,250,0.005,0.0001,1.0,12553620.377,0.0,,,21.534,0.829,0.109
1994,10,20,250,0.0001,0.001,1.0,14156835.534,0.936,0.039,0.075,21.556,0.827,0.142
1994,10,20,250,0.0005,0.001,1.0,12471215.087,0.61,0.677,0.642,21.556,0.828,0.11
1994,10,20,250,0.005,0.001,1.0,12535110.327,0.0,,,21.556,0.832,0.108
1994,10,20,250,0.0001,0.01,1.0,12915711.745,0.893,0.122,0.215,21.641,0.836,0.156
1994,10,20,250,0.0005,0.01,1.0,12448697.186,0.507,0.748,0.604,21.641,0.837,0.106
1994,10,20,250,0.005,0.01,1.0,12497482.401,0.0,,,21.641,0.84,0.109
1994,10,20,250,0.0001,0.0002,1.0,14716428.526,0.931,0.03,0.058,21.537,0.825,0.92
1994,10,20,250,0.0005,0.0002,1.0,12482352.859,0.621,0.683,0.651,21.537,0.826,0.112
1994,10,20,250,0.005,0.0002,1.0,12551109.301,0.0,,,21.537,0.83,0.107
1994,10,20,250,0.0001,0.002,1.0,13673407.839,0.938,0.054,0.102,21.574,0.829,0.143
1994,10,20,250,0.0005,0.002,1.0,12461786.386,0.602,0.689,0.642,21.574,0.83,0.11
1994,10,20,250,0.005,0.002,1.0,12522282.402,0.0,,,21.574,0.834,0.111
1994,10,20,250,0.0001,0.0005,1.0,14486684.231,0.933,0.033,0.064,21.545,0.826,0.139
1994,10,20,250,0.0005,0.0005,1.0,12476237.439,0.611,0.687,0.647,21.545,0.827,0.108
1994,10,20,250,0.005,0.0005,1.0,12544324.603,0.0,,,21.545,0.831,0.105
1994,10,20,250,0.0001,0.0005,1.0,14486684.231,0.933,0.033,0.064,21.545,0.826,0.138
1994,10,20,250,0.0005,0.0005,1.0,12476237.439,0.611,0.687,0.647,21.545,0.827,0.107
1994,10,20,250,0.005,0.0005,1.0,12544324.603,0.0,,,21.545,0.831,0.109
1994,10,20,250,1.000000e-03,1.000000e-04,1.000000e+00,12490401.199,0.393,0.848,0.537,21.534,0.827,0.950 
1994,10,20,250,1.000000e-03,2.000000e-04,1.000000e+00,12488318.513,0.390,0.849,0.534,21.537,0.828,0.178 
1994,10,20,250,1.000000e-03,5.000000e-04,1.000000e+00,12482917.167,0.381,0.847,0.526,21.545,0.828,0.180 
1994,10,20,250,1.000000e-03,1.000000e-03,1.000000e+00,12476516.414,0.379,0.849,0.524,21.556,0.830,0.183 
1994,10,20,250,1.000000e-03,2.000000e-03,1.000000e+00,12469132.667,0.381,0.846,0.525,21.574,0.832,0.151 
1994,10,20,250,1.000000e-03,5.000000e-03,1.000000e+00,12460027.657,0.342,0.849,0.488,21.609,0.835,0.182 
1994,10,20,250,1.000000e-03,1.000000e-02,1.000000e+00,12461751.162,0.290,0.852,0.433,21.641,0.838,0.747 
