rd_seed,T,n/p,p,lambda(thest),mu0(sparsity),gamma,bic,recall,precision,f1,max_error,norm_error,time (mins)
1994,3,20,250,0.0001,0.0001,1.0,4830809.18,0.992,0.019,0.038,19.239,0.806,0.795
1994,3,20,250,0.0005,0.0001,1.0,3718950.963,0.834,0.888,0.86,19.239,0.807,0.087
1994,3,20,250,0.005,0.0001,1.0,3767302.198,0.004,1.0,0.008,19.239,0.813,0.081
1994,3,20,250,0.0001,0.001,1.0,4537817.211,0.993,0.026,0.05,19.265,0.808,0.091
1994,3,20,250,0.0005,0.001,1.0,3715310.762,0.824,0.898,0.86,19.265,0.81,0.083
1994,3,20,250,0.005,0.001,1.0,3761709.199,0.0,,,19.265,0.816,0.081
1994,3,20,250,0.0001,0.01,1.0,3730448.284,0.958,0.478,0.638,19.382,0.818,0.095
1994,3,20,250,0.0005,0.01,1.0,3714590.344,0.77,0.907,0.833,19.382,0.82,0.085
1994,3,20,250,0.005,0.01,1.0,3750080.196,0.0,,,19.382,0.825,0.083
1994,3,20,250,0.0001,0.0002,1.0,4792273.046,0.992,0.02,0.039,19.242,0.806,0.814
1994,3,20,250,0.0005,0.0002,1.0,3718220.535,0.83,0.896,0.862,19.242,0.808,0.07
1994,3,20,250,0.005,0.0002,1.0,3766562.892,0.004,1.0,0.008,19.242,0.814,0.067
1994,3,20,250,0.0001,0.002,1.0,4260074.996,0.989,0.038,0.074,19.287,0.81,0.078
1994,3,20,250,0.0005,0.002,1.0,3713308.815,0.816,0.897,0.855,19.287,0.812,0.068
1994,3,20,250,0.005,0.002,1.0,3757860.815,0.0,,,19.287,0.818,0.067
1994,3,20,250,0.0001,0.0005,1.0,4689347.72,0.992,0.022,0.043,19.251,0.807,0.075
1994,3,20,250,0.0005,0.0005,1.0,3717023.894,0.829,0.894,0.86,19.251,0.809,0.07
1994,3,20,250,0.005,0.0005,1.0,3764469.58,0.0,,,19.251,0.815,0.067
1994,3,20,250,0.0001,0.0005,1.0,4689347.72,0.992,0.022,0.043,19.251,0.807,0.075
1994,3,20,250,0.0005,0.0005,1.0,3717023.894,0.829,0.894,0.86,19.251,0.809,0.069
1994,3,20,250,0.005,0.0005,1.0,3764469.58,0.0,,,19.251,0.815,0.07
1994,3,20,250,1.000000e-03,1.000000e-04,1.000000e+00,3730107.346,0.678,0.933,0.785,19.239,0.809,0.676 
1994,3,20,250,1.000000e-03,2.000000e-04,1.000000e+00,3729661.235,0.678,0.933,0.785,19.242,0.810,0.067 
1994,3,20,250,1.000000e-03,5.000000e-04,1.000000e+00,3728308.860,0.669,0.932,0.779,19.251,0.811,0.072 
1994,3,20,250,1.000000e-03,1.000000e-03,1.000000e+00,3726455.853,0.660,0.940,0.775,19.265,0.812,0.076 
1994,3,20,250,1.000000e-03,2.000000e-03,1.000000e+00,3724077.394,0.634,0.941,0.758,19.287,0.814,0.077 
1994,3,20,250,1.000000e-03,5.000000e-03,1.000000e+00,3722822.260,0.595,0.940,0.728,19.333,0.818,0.072 
1994,3,20,250,1.000000e-03,1.000000e-02,1.000000e+00,3725233.157,0.521,0.939,0.670,19.382,0.822,0.703 
