t,p,n,precision,recall,F1,AUPRC,Time(sec)
1997,10,250,5000.0,0.008324360930289184,0.4411290322580645,0.01634036960004182,0.010678416395949542,420.32938082981855
