t,p,n,precision,recall,F1,AUPRC,Time(sec)
1994,10,250,5000.0,0.008398178744917693,0.44475806451612904,0.016485076746028185,0.010443569214032326,450.86924887355417
