t,p,n,precision,recall,F1,AUPRC,Time(sec)
1998,10,250,5000.0,0.00829729822566056,0.4383064516129032,0.016286291123072373,0.010607031045857,416.32314668782055
