t,p,n,precision,recall,F1,AUPRC,Time(sec)
1995,10,250,5000.0,0.008450145665868427,0.4467741935483871,0.01658657804523884,0.010444440229816858,397.79706439725123
